{"name":"ff5db7bf-83fe-4b39-894e-1bfa5cbae6c2","id":"/providers/Microsoft.Flow/flows/ff5db7bf-83fe-4b39-894e-1bfa5cbae6c2","type":"Microsoft.Flow/flows","properties":{"apiId":"/providers/Microsoft.PowerApps/apis/shared_logicflows","displayName":"add and update data from excel to sharepoint list","definition":{"metadata":{"workflowEntityId":null,"processAdvisorMetadata":null,"flowChargedByPaygo":null,"flowclientsuspensionreason":"None","flowclientsuspensiontime":null,"flowclientsuspensionreasondetails":null,"creator":{"id":"d01095f2-4068-4530-abd7-0ea93200de90","type":"User","tenantId":"7dbdc951-c59a-4922-a1fa-09d99a875c0b"},"provisioningMethod":"FromDefinition","failureAlertSubscription":true,"clientLastModifiedTime":"2024-02-06T19:28:42.3953562Z","connectionKeySavedTimeKey":"2024-02-06T19:28:42.3953562Z"},"$schema":"https://schema.management.azure.com/providers/Microsoft.Logic/schemas/2016-06-01/workflowdefinition.json#","contentVersion":"1.0.0.0","parameters":{"$authentication":{"defaultValue":{},"type":"SecureObject"},"$connections":{"defaultValue":{},"type":"Object"}},"triggers":{"manual":{"type":"Request","kind":"Button","inputs":{"schema":{"type":"object","properties":{},"required":[]}}}},"actions":{"List_rows_present_in_a_table":{"runAfter":{},"metadata":{"014MRRIQKNABBRHWAIZFC3C3DJVE7LZBBY":"/Book.xlsx","tableId":"{AAF40724-6F21-4956-822E-960F2F7E2DE6}"},"type":"OpenApiConnection","inputs":{"parameters":{"source":"sites/vljf8.sharepoint.com,0372d547-eee8-4a29-9d3a-745a179ad416,41a64044-24a0-4464-8e64-86f521b4a910","drive":"b!R9VyA-juKUqdOnRaF5rUFkRApkGgJGREjmSG9SG0qRAYegJaTSo9QqEuPSN-3rB2","file":"014MRRIQKNABBRHWAIZFC3C3DJVE7LZBBY","table":"{AAF40724-6F21-4956-822E-960F2F7E2DE6}"},"host":{"apiId":"/providers/Microsoft.PowerApps/apis/shared_excelonlinebusiness","connectionName":"shared_excelonlinebusiness","operationId":"GetItems"},"authentication":{"value":"@json(decodeBase64(triggerOutputs().headers['X-MS-APIM-Tokens']))['$ConnectionKey']","type":"Raw"}}},"Foreach":{"foreach":"@outputs('List_rows_present_in_a_table')?['body/value']","actions":{"Get_items":{"type":"OpenApiConnection","inputs":{"parameters":{"dataset":"https://vljf8.sharepoint.com","table":"d56eaf97-148b-4065-8a09-4464bfb217ae","$filter":"Nr eq '@{items('Foreach')?['Nr']}'"},"host":{"apiId":"/providers/Microsoft.PowerApps/apis/shared_sharepointonline","connectionName":"shared_sharepointonline","operationId":"GetItems"},"authentication":{"value":"@json(decodeBase64(triggerOutputs().headers['X-MS-APIM-Tokens']))['$ConnectionKey']","type":"Raw"}}},"Condition":{"actions":{"Foreach_2":{"foreach":"@outputs('Get_items')?['body/value']","actions":{"Update_item":{"type":"OpenApiConnection","inputs":{"parameters":{"dataset":"https://vljf8.sharepoint.com","table":"d56eaf97-148b-4065-8a09-4464bfb217ae","id":"@items('Foreach_2')?['ID']","item/Title":"@items('Foreach')?['Adres']","item/Nr":"@items('Foreach')?['Nr']","item/Adres":"@items('Foreach')?['Adres']","item/Godzina":"@{items('Foreach')?['Godzina']}","item/Uwagi":"@items('Foreach')?['Uwagi']"},"host":{"apiId":"/providers/Microsoft.PowerApps/apis/shared_sharepointonline","connectionName":"shared_sharepointonline","operationId":"PatchItem"},"authentication":{"value":"@json(decodeBase64(triggerOutputs().headers['X-MS-APIM-Tokens']))['$ConnectionKey']","type":"Raw"}}}},"type":"Foreach"}},"runAfter":{"Get_items":["Succeeded"]},"else":{"actions":{"Create_item":{"type":"OpenApiConnection","inputs":{"parameters":{"dataset":"https://vljf8.sharepoint.com","table":"d56eaf97-148b-4065-8a09-4464bfb217ae","item/Title":"@items('Foreach')?['Adres']","item/Nr":"@items('Foreach')?['Nr']","item/Adres":"@items('Foreach')?['Adres']","item/Godzina":"@items('Foreach')?['Godzina']","item/Uwagi":"@items('Foreach')?['Uwagi']"},"host":{"apiId":"/providers/Microsoft.PowerApps/apis/shared_sharepointonline","connectionName":"shared_sharepointonline","operationId":"PostItem"},"authentication":{"value":"@json(decodeBase64(triggerOutputs().headers['X-MS-APIM-Tokens']))['$ConnectionKey']","type":"Raw"}}}}},"expression":{"and":[{"greater":["@length(outputs('Get_items')?['body/value'])",0]}]},"type":"If"}},"runAfter":{"List_rows_present_in_a_table":["Succeeded"]},"type":"Foreach"}},"outputs":{}},"connectionReferences":{"shared_excelonlinebusiness":{"connectionName":"shared-excelonlinebu-22674b93-b38a-40ff-a16c-9056f2d52e50","source":"Invoker","id":"/providers/Microsoft.PowerApps/apis/shared_excelonlinebusiness","tier":"NotSpecified"},"shared_sharepointonline":{"connectionName":"shared-sharepointonl-16acefe4-2531-4c74-a0ba-ae715b93543b","source":"Invoker","id":"/providers/Microsoft.PowerApps/apis/shared_sharepointonline","tier":"NotSpecified"}},"flowFailureAlertSubscribed":false,"isManaged":false}}